5	Draft	J2EE Misconfiguration: Data Transmission Without Encryption
6	Incomplete	J2EE Misconfiguration: Insufficient Session-ID Length
7	Incomplete	J2EE Misconfiguration: Missing Custom Error Page
8	Incomplete	J2EE Misconfiguration: Entity Bean Declared Remote
9	Draft	J2EE Misconfiguration: Weak Access Permissions for EJB Methods
11	Draft	ASP.NET Misconfiguration: Creating Debug Binary
12	Draft	ASP.NET Misconfiguration: Missing Custom Error Page
13	Draft	ASP.NET Misconfiguration: Password in Configuration File
14	Draft	Compiler Removal of Code to Clear Buffers
15	Incomplete	External Control of System or Configuration Setting
20	Usable	Improper Input Validation
22	Draft	Improper Limitation of a Pathname to a Restricted Directory ('Path Traversal')
23	Draft	Relative Path Traversal
24	Incomplete	Path Traversal: '../filedir'
25	Incomplete	Path Traversal: '/../filedir'
26	Draft	Path Traversal: '/dir/../filename'
27	Draft	Path Traversal: 'dir/../../filename'
28	Incomplete	Path Traversal: '..\filedir'
29	Incomplete	Path Traversal: '\..\filename'
30	Draft	Path Traversal: '\dir\..\filename'
31	Draft	Path Traversal: 'dir\..\..\filename'
32	Incomplete	Path Traversal: '...' (Triple Dot)
33	Incomplete	Path Traversal: '....' (Multiple Dot)
34	Incomplete	Path Traversal: '....//'
35	Incomplete	Path Traversal: '.../...//'
36	Draft	Absolute Path Traversal
37	Draft	Path Traversal: '/absolute/pathname/here'
38	Draft	Path Traversal: '\absolute\pathname\here'
39	Draft	Path Traversal: 'C:dirname'
40	Draft	Path Traversal: '\\UNC\share\name\' (Windows UNC Share)
41	Incomplete	Improper Resolution of Path Equivalence
42	Incomplete	Path Equivalence: 'filename.' (Trailing Dot)
43	Incomplete	Path Equivalence: 'filename....' (Multiple Trailing Dot)
44	Incomplete	Path Equivalence: 'file.name' (Internal Dot)
45	Incomplete	Path Equivalence: 'file...name' (Multiple Internal Dot)
46	Incomplete	Path Equivalence: 'filename ' (Trailing Space)
47	Incomplete	Path Equivalence: ' filename (Leading Space)
48	Incomplete	Path Equivalence: 'file name' (Internal Whitespace)
49	Incomplete	Path Equivalence: 'filename/' (Trailing Slash)
50	Incomplete	Path Equivalence: '//multiple/leading/slash'
51	Incomplete	Path Equivalence: '/multiple//internal/slash'
52	Incomplete	Path Equivalence: '/multiple/trailing/slash//'
53	Incomplete	Path Equivalence: '\multiple\\internal\backslash'
54	Incomplete	Path Equivalence: 'filedir\' (Trailing Backslash)
55	Incomplete	Path Equivalence: '/./' (Single Dot Directory)
56	Incomplete	Path Equivalence: 'filedir*' (Wildcard)
57	Incomplete	Path Equivalence: 'fakedir/../realdir/filename'
58	Incomplete	Path Equivalence: Windows 8.3 Filename
59	Draft	Improper Link Resolution Before File Access ('Link Following')
62	Incomplete	UNIX Hard Link
64	Incomplete	Windows Shortcut Following (.LNK)
65	Incomplete	Windows Hard Link
66	Draft	Improper Handling of File Names that Identify Virtual Resources
67	Incomplete	Improper Handling of Windows Device Names
69	Incomplete	Failure to Handle Windows ::DATA Alternate Data Stream
71	Incomplete	Apple '.DS_Store'
72	Incomplete	Improper Handling of Apple HFS+ Alternate Data Stream Path
73	Draft	External Control of File Name or Path
74	Incomplete	Failure to Sanitize Data into a Different Plane ('Injection')
75	Draft	Failure to Sanitize Special Elements into a Different Plane (Special Element Injection)
76	Draft	Failure to Resolve Equivalent Special Elements into a Different Plane
77	Draft	Improper Sanitization of Special Elements used in a Command ('Command Injection')
78	Draft	Improper Sanitization of Special Elements used in an OS Command ('OS Command Injection')
79	Usable	Failure to Preserve Web Page Structure ('Cross-site Scripting')
80	Incomplete	Improper Sanitization of Script-Related HTML Tags in a Web Page (Basic XSS)
81	Incomplete	Improper Sanitization of Script in an Error Message Web Page
82	Incomplete	Improper Sanitization of Script in Attributes of IMG Tags in a Web Page
83	Draft	Failure to Sanitize Script in Attributes in a Web Page
84	Draft	Failure to Resolve Encoded URI Schemes in a Web Page
85	Draft	Doubled Character XSS Manipulations
86	Draft	Failure to Sanitize Invalid Characters in Identifiers in Web Pages
87	Draft	Failure to Sanitize Alternate XSS Syntax
88	Draft	Argument Injection or Modification
89	Draft	Improper Sanitization of Special Elements used in an SQL Command ('SQL Injection')
90	Draft	Failure to Sanitize Data into LDAP Queries ('LDAP Injection')
91	Draft	XML Injection (aka Blind XPath Injection)
92	Deprecated	DEPRECATED: Improper Sanitization of Custom Special Characters
93	Draft	Failure to Sanitize CRLF Sequences ('CRLF Injection')
94	Draft	Failure to Control Generation of Code ('Code Injection')
95	Incomplete	Improper Sanitization of Directives in Dynamically Evaluated Code ('Eval Injection')
96	Draft	Improper Sanitization of Directives in Statically Saved Code ('Static Code Injection')
97	Draft	Failure to Sanitize Server-Side Includes (SSI) Within a Web Page
98	Draft	Improper Control of Filename for Include/Require Statement in PHP Program ('PHP File Inclusion')
99	Draft	Improper Control of Resource Identifiers ('Resource Injection')
102	Incomplete	Struts: Duplicate Validation Forms
103	Draft	Struts: Incomplete validate() Method Definition
104	Draft	Struts: Form Bean Does Not Extend Validation Class
105	Draft	Struts: Form Field Without Validator
106	Draft	Struts: Plug-in Framework not in Use
107	Draft	Struts: Unused Validation Form
108	Incomplete	Struts: Unvalidated Action Form
109	Draft	Struts: Validator Turned Off
110	Draft	Struts: Validator Without Form Field
111	Draft	Direct Use of Unsafe JNI
112	Draft	Missing XML Validation
113	Incomplete	Failure to Sanitize CRLF Sequences in HTTP Headers ('HTTP Response Splitting')
114	Incomplete	Process Control
115	Incomplete	Misinterpretation of Input
116	Draft	Improper Encoding or Escaping of Output
117	Draft	Improper Output Sanitization for Logs
118	Incomplete	Improper Access of Indexable Resource ('Range Error')
119	Usable	Failure to Constrain Operations within the Bounds of a Memory Buffer
120	Incomplete	Buffer Copy without Checking Size of Input ('Classic Buffer Overflow')
121	Draft	Stack-based Buffer Overflow
122	Draft	Heap-based Buffer Overflow
123	Draft	Write-what-where Condition
124	Incomplete	Buffer Underwrite ('Buffer Underflow')
125	Draft	Out-of-bounds Read
126	Draft	Buffer Over-read
127	Draft	Buffer Under-read
128	Incomplete	Wrap-around Error
129	Draft	Improper Validation of Array Index
130	Incomplete	Improper Handling of Length Parameter Inconsistency 
131	Draft	Incorrect Calculation of Buffer Size
132	Deprecated	DEPRECATED (Duplicate): Miscalculated Null Termination
134	Draft	Uncontrolled Format String
135	Draft	Incorrect Calculation of Multi-Byte String Length
138	Draft	Improper Sanitization of Special Elements
140	Draft	Failure to Sanitize Delimiters
141	Draft	Failure to Sanitize Parameter/Argument Delimiters
142	Draft	Failure to Sanitize Value Delimiters
143	Draft	Failure to Sanitize Record Delimiters
144	Draft	Failure to Sanitize Line Delimiters
145	Incomplete	Failure to Sanitize Section Delimiters
146	Incomplete	Failure to Sanitize Expression/Command Delimiters
147	Draft	Improper Sanitization of Input Terminators
148	Draft	Failure to Sanitize Input Leaders
149	Draft	Failure to Sanitize Quoting Syntax
150	Incomplete	Failure to Sanitize Escape, Meta, or Control Sequences
151	Draft	Improper Sanitization of Comment Delimiters
152	Draft	Improper Sanitization of Macro Symbols
153	Draft	Improper Sanitization of Substitution Characters
154	Incomplete	Improper Sanitization of Variable Name Delimiters
155	Draft	Improper Sanitization of Wildcards or Matching Symbols
156	Draft	Improper Sanitization of Whitespace
157	Draft	Failure to Sanitize Paired Delimiters
158	Incomplete	Failure to Sanitize Null Byte or NUL Character
159	Draft	Failure to Sanitize Special Element
160	Incomplete	Improper Sanitization of Leading Special Elements
161	Incomplete	Improper Sanitization of Multiple Leading Special Elements
162	Incomplete	Improper Sanitization of Trailing Special Elements
163	Incomplete	Improper Sanitization of Multiple Trailing Special Elements
164	Incomplete	Improper Sanitization of Internal Special Elements
165	Incomplete	Improper Sanitization of Multiple Internal Special Elements
166	Draft	Improper Handling of Missing Special Element
167	Draft	Improper Handling of Additional Special Element
168	Draft	Failure to Resolve Inconsistent Special Elements
170	Incomplete	Improper Null Termination
172	Draft	Encoding Error
173	Draft	Failure to Handle Alternate Encoding
174	Draft	Double Decoding of the Same Data
175	Draft	Failure to Handle Mixed Encoding
176	Draft	Failure to Handle Unicode Encoding
177	Draft	Failure to Handle URL Encoding (Hex Encoding)
178	Incomplete	Failure to Resolve Case Sensitivity
179	Incomplete	Incorrect Behavior Order: Early Validation
180	Draft	Incorrect Behavior Order: Validate Before Canonicalize
181	Draft	Incorrect Behavior Order: Validate Before Filter
182	Draft	Collapse of Data Into Unsafe Value
183	Draft	Permissive Whitelist
184	Draft	Incomplete Blacklist
185	Draft	Incorrect Regular Expression
186	Draft	Overly Restrictive Regular Expression
187	Incomplete	Partial Comparison
188	Draft	Reliance on Data/Memory Layout
190	Incomplete	Integer Overflow or Wraparound
191	Draft	Integer Underflow (Wrap or Wraparound)
193	Draft	Off-by-one Error
194	Incomplete	Unexpected Sign Extension
195	Draft	Signed to Unsigned Conversion Error
196	Draft	Unsigned to Signed Conversion Error
197	Incomplete	Numeric Truncation Error
198	Draft	Use of Incorrect Byte Ordering
200	Incomplete	Information Exposure
201	Draft	Information Leak Through Sent Data
202	Draft	Privacy Leak through Data Queries
203	Incomplete	Information Exposure Through Discrepancy
204	Incomplete	Response Discrepancy Information Leak
205	Incomplete	Information Exposure Through Behavioral Discrepancy
206	Incomplete	Internal Behavioral Inconsistency Information Leak
207	Draft	Information Exposure Through an External Behavioral Inconsistency
208	Incomplete	Timing Discrepancy Information Leak
209	Draft	Information Exposure Through an Error Message
210	Draft	Product-Generated Error Message Information Leak
211	Incomplete	Product-External Error Message Information Leak
212	Incomplete	Improper Cross-boundary Removal of Sensitive Data
213	Draft	Intended Information Leak
214	Incomplete	Process Environment Information Leak
215	Draft	Information Leak Through Debug Information
216	Incomplete	Containment Errors (Container Errors)
217	Deprecated	DEPRECATED: Failure to Protect Stored Data from Modification
218	Deprecated	DEPRECATED (Duplicate): Failure to provide confidentiality for stored data
219	Draft	Sensitive Data Under Web Root
220	Draft	Sensitive Data Under FTP Root
221	Incomplete	Information Loss or Omission
222	Draft	Truncation of Security-relevant Information
223	Draft	Omission of Security-relevant Information
224	Incomplete	Obscured Security-relevant Information by Alternate Name
225	Deprecated	DEPRECATED (Duplicate): General Information Management Problems
226	Draft	Sensitive Information Uncleared Before Release
227	Draft	Failure to Fulfill API Contract ('API Abuse')
228	Incomplete	Improper Handling of Syntactically Invalid Structure
229	Incomplete	Improper Handling of Values
230	Draft	Improper Handling of Missing Values
231	Draft	Improper Handling of Extra Values
232	Draft	Improper Handling of Undefined Values
233	Incomplete	Parameter Problems
234	Incomplete	Failure to Handle Missing Parameter
235	Draft	Improper Handling of Extra Parameters
236	Draft	Improper Handling of Undefined Parameters
237	Incomplete	Improper Handling of Structural Elements
238	Draft	Improper Handling of Incomplete Structural Elements
239	Draft	Failure to Handle Incomplete Element
240	Draft	Improper Handling of Inconsistent Structural Elements
241	Draft	Improper Handling of Unexpected Data Type
242	Draft	Use of Inherently Dangerous Function
243	Draft	Failure to Change Working Directory in chroot Jail
244	Draft	Failure to Clear Heap Memory Before Release ('Heap Inspection')
245	Draft	J2EE Bad Practices: Direct Management of Connections
246	Draft	J2EE Bad Practices: Direct Use of Sockets
247	Incomplete	Reliance on DNS Lookups in a Security Decision
248	Draft	Uncaught Exception
249	Deprecated	DEPRECATED: Often Misused: Path Manipulation
250	Draft	Execution with Unnecessary Privileges
252	Draft	Unchecked Return Value
253	Incomplete	Incorrect Check of Function Return Value
256	Incomplete	Plaintext Storage of a Password
257	Incomplete	Storing Passwords in a Recoverable Format
258	Incomplete	Empty Password in Configuration File
259	Draft	Use of Hard-coded Password
260	Incomplete	Password in Configuration File
261	Incomplete	Weak Cryptography for Passwords
262	Draft	Not Using Password Aging
263	Draft	Password Aging with Long Expiration
266	Draft	Incorrect Privilege Assignment
267	Incomplete	Privilege Defined With Unsafe Actions
268	Draft	Privilege Chaining
269	Incomplete	Improper Privilege Management
270	Draft	Privilege Context Switching Error
271	Incomplete	Privilege Dropping / Lowering Errors
272	Incomplete	Least Privilege Violation
273	Incomplete	Improper Check for Dropped Privileges
274	Draft	Improper Handling of Insufficient Privileges
276	Draft	Incorrect Default Permissions
277	Draft	Insecure Inherited Permissions
278	Incomplete	Insecure Preserved Inherited Permissions
279	Draft	Incorrect Execution-Assigned Permissions
280	Draft	Improper Handling of Insufficient Permissions or Privileges 
281	Draft	Improper Preservation of Permissions
282	Draft	Improper Ownership Management
283	Draft	Unverified Ownership
284	Incomplete	Access Control (Authorization) Issues
285	Draft	Improper Access Control (Authorization)
286	Incomplete	Incorrect User Management
287	Draft	Improper Authentication
288	Incomplete	Authentication Bypass Using an Alternate Path or Channel
289	Incomplete	Authentication Bypass by Alternate Name
290	Incomplete	Authentication Bypass by Spoofing
292	Incomplete	Trusting Self-reported DNS Name
293	Draft	Using Referer Field for Authentication
294	Incomplete	Authentication Bypass by Capture-replay
296	Draft	Improper Following of Chain of Trust for Certificate Validation
297	Incomplete	Improper Validation of Host-specific Certificate Data
298	Draft	Improper Validation of Certificate Expiration
299	Draft	Improper Check for Certificate Revocation
300	Draft	Channel Accessible by Non-Endpoint ('Man-in-the-Middle')
301	Draft	Reflection Attack in an Authentication Protocol
302	Incomplete	Authentication Bypass by Assumed-Immutable Data
303	Draft	Incorrect Implementation of Authentication Algorithm
304	Draft	Missing Critical Step in Authentication
305	Draft	Authentication Bypass by Primary Weakness
306	Draft	Missing Authentication for Critical Function
307	Draft	Improper Restriction of Excessive Authentication Attempts
308	Draft	Use of Single-factor Authentication
309	Draft	Use of Password System for Primary Authentication
311	Draft	Missing Encryption of Sensitive Data
312	Draft	Cleartext Storage of Sensitive Information
313	Draft	Plaintext Storage in a File or on Disk
314	Draft	Plaintext Storage in the Registry
315	Draft	Plaintext Storage in a Cookie
316	Draft	Plaintext Storage in Memory
317	Draft	Plaintext Storage in GUI
318	Draft	Plaintext Storage in Executable
319	Draft	Cleartext Transmission of Sensitive Information
321	Draft	Use of Hard-coded Cryptographic Key
322	Draft	Key Exchange without Entity Authentication
323	Incomplete	Reusing a Nonce, Key Pair in Encryption
324	Draft	Use of a Key Past its Expiration Date
325	Incomplete	Missing Required Cryptographic Step
326	Draft	Inadequate Encryption Strength
327	Draft	Use of a Broken or Risky Cryptographic Algorithm
328	Draft	Reversible One-Way Hash
329	Draft	Not Using a Random IV with CBC Mode
330	Usable	Use of Insufficiently Random Values
331	Draft	Insufficient Entropy
332	Draft	Insufficient Entropy in PRNG
333	Draft	Improper Handling of Insufficient Entropy in TRNG
334	Draft	Small Space of Random Values
335	Draft	PRNG Seed Error
336	Draft	Same Seed in PRNG
337	Draft	Predictable Seed in PRNG
338	Draft	Use of Cryptographically Weak PRNG
339	Draft	Small Seed Space in PRNG
340	Incomplete	Predictability Problems
341	Draft	Predictable from Observable State
342	Draft	Predictable Exact Value from Previous Values
343	Draft	Predictable Value Range from Previous Values
344	Draft	Use of Invariant Value in Dynamically Changing Context
345	Draft	Insufficient Verification of Data Authenticity
346	Draft	Origin Validation Error
347	Draft	Improper Verification of Cryptographic Signature
348	Draft	Use of Less Trusted Source
349	Draft	Acceptance of Extraneous Untrusted Data With Trusted Data
350	Draft	Improperly Trusted Reverse DNS
351	Draft	Insufficient Type Distinction
353	Draft	Failure to Add Integrity Check Value
354	Draft	Improper Validation of Integrity Check Value
356	Incomplete	Product UI does not Warn User of Unsafe Actions
357	Draft	Insufficient UI Warning of Dangerous Operations
358	Draft	Improperly Implemented Security Check for Standard
359	Incomplete	Privacy Violation
360	Incomplete	Trust of System Event Data
362	Draft	Race Condition
363	Draft	Race Condition Enabling Link Following
364	Incomplete	Signal Handler Race Condition
365	Draft	Race Condition in Switch
366	Draft	Race Condition within a Thread
367	Incomplete	Time-of-check Time-of-use (TOCTOU) Race Condition
368	Draft	Context Switching Race Condition
369	Draft	Divide By Zero
370	Draft	Missing Check for Certificate Revocation after Initial Check
372	Draft	Incomplete Internal State Distinction
373	Draft	State Synchronization Error
374	Draft	Mutable Objects Passed by Reference
375	Draft	Passing Mutable Objects to an Untrusted Method
377	Incomplete	Insecure Temporary File
378	Draft	Creation of Temporary File With Insecure Permissions
379	Incomplete	Creation of Temporary File in Directory with Incorrect Permissions
382	Draft	J2EE Bad Practices: Use of System.exit()
383	Draft	J2EE Bad Practices: Direct Use of Threads
385	Incomplete	Covert Timing Channel
386	Draft	Symbolic Name not Mapping to Correct Object
390	Draft	Detection of Error Condition Without Action
391	Incomplete	Unchecked Error Condition
392	Draft	Failure to Report Error in Status Code
393	Draft	Return of Wrong Status Code
394	Draft	Unexpected Status Code or Return Value
395	Draft	Use of NullPointerException Catch to Detect NULL Pointer Dereference
396	Draft	Declaration of Catch for Generic Exception
397	Draft	Declaration of Throws for Generic Exception
398	Draft	Indicator of Poor Code Quality
400	Incomplete	Uncontrolled Resource Consumption ('Resource Exhaustion')
401	Draft	Failure to Release Memory Before Removing Last Reference ('Memory Leak')
402	Draft	Transmission of Private Resources into a New Sphere ('Resource Leak')
403	Draft	UNIX File Descriptor Leak
404	Draft	Improper Resource Shutdown or Release
405	Incomplete	Asymmetric Resource Consumption (Amplification)
406	Incomplete	Insufficient Control of Network Message Volume (Network Amplification)
407	Incomplete	Algorithmic Complexity
408	Draft	Incorrect Behavior Order: Early Amplification
409	Incomplete	Improper Handling of Highly Compressed Data (Data Amplification)
410	Incomplete	Insufficient Resource Pool
412	Incomplete	Unrestricted Externally Accessible Lock
413	Draft	Insufficient Resource Locking
414	Draft	Missing Lock Check
415	Draft	Double Free
416	Draft	Use After Free
419	Draft	Unprotected Primary Channel
420	Draft	Unprotected Alternate Channel
421	Draft	Race Condition During Access to Alternate Channel
422	Draft	Unprotected Windows Messaging Channel ('Shatter')
423	Deprecated	DEPRECATED (Duplicate): Proxied Trusted Channel
424	Draft	Failure to Protect Alternate Path
425	Incomplete	Direct Request ('Forced Browsing')
427	Draft	Uncontrolled Search Path Element
428	Draft	Unquoted Search Path or Element
430	Incomplete	Deployment of Wrong Handler
431	Draft	Missing Handler
432	Draft	Dangerous Handler not Disabled During Sensitive Operations
433	Incomplete	Unparsed Raw Web Content Delivery
434	Draft	Unrestricted Upload of File with Dangerous Type
435	Draft	Interaction Error
436	Incomplete	Interpretation Conflict
437	Incomplete	Incomplete Model of Endpoint Features
439	Draft	Behavioral Change in New Version or Environment
440	Draft	Expected Behavior Violation
441	Draft	Unintended Proxy/Intermediary
443	Deprecated	DEPRECATED (Duplicate): HTTP response splitting
444	Incomplete	Inconsistent Interpretation of HTTP Requests ('HTTP Request Smuggling')
446	Incomplete	UI Discrepancy for Security Feature
447	Draft	Unimplemented or Unsupported Feature in UI
448	Draft	Obsolete Feature in UI
449	Incomplete	The UI Performs the Wrong Action
450	Draft	Multiple Interpretations of UI Input
451	Draft	UI Misrepresentation of Critical Information
453	Draft	Insecure Default Variable Initialization
454	Draft	External Initialization of Trusted Variables or Data Stores
455	Draft	Non-exit on Failed Initialization
456	Draft	Missing Initialization
457	Draft	Use of Uninitialized Variable
458	Deprecated	DEPRECATED: Incorrect Initialization
459	Draft	Incomplete Cleanup
460	Draft	Improper Cleanup on Thrown Exception
462	Incomplete	Duplicate Key in Associative List (Alist)
463	Incomplete	Deletion of Data Structure Sentinel
464	Incomplete	Addition of Data Structure Sentinel
466	Draft	Return of Pointer Value Outside of Expected Range
467	Draft	Use of sizeof() on a Pointer Type
468	Incomplete	Incorrect Pointer Scaling
469	Draft	Use of Pointer Subtraction to Determine Size
470	Draft	Use of Externally-Controlled Input to Select Classes or Code ('Unsafe Reflection')
471	Draft	Modification of Assumed-Immutable Data (MAID)
472	Draft	External Control of Assumed-Immutable Web Parameter
473	Draft	PHP External Variable Modification
474	Draft	Use of Function with Inconsistent Implementations
475	Incomplete	Undefined Behavior for Input to API
476	Draft	NULL Pointer Dereference
477	Draft	Use of Obsolete Functions
478	Draft	Missing Default Case in Switch Statement
479	Draft	Unsafe Function Call from a Signal Handler
480	Draft	Use of Incorrect Operator
481	Draft	Assigning instead of Comparing
482	Draft	Comparing instead of Assigning
483	Draft	Incorrect Block Delimitation
484	Draft	Omitted Break Statement in Switch
485	Draft	Insufficient Encapsulation
486	Draft	Comparison of Classes by Name
487	Incomplete	Reliance on Package-level Scope
488	Draft	Data Leak Between Sessions
489	Draft	Leftover Debug Code
491	Draft	Public cloneable() Method Without Final ('Object Hijack')
492	Draft	Use of Inner Class Containing Sensitive Data
493	Draft	Critical Public Variable Without Final Modifier
494	Draft	Download of Code Without Integrity Check
495	Draft	Private Array-Typed Field Returned From A Public Method
496	Incomplete	Public Data Assigned to Private Array-Typed Field
497	Incomplete	Exposure of System Data to an Unauthorized Control Sphere
498	Draft	Information Leak through Class Cloning
499	Draft	Serializable Class Containing Sensitive Data
500	Draft	Public Static Field Not Marked Final
501	Draft	Trust Boundary Violation
502	Draft	Deserialization of Untrusted Data
506	Incomplete	Embedded Malicious Code
507	Incomplete	Trojan Horse
508	Incomplete	Non-Replicating Malicious Code
509	Incomplete	Replicating Malicious Code (Virus or Worm)
510	Incomplete	Trapdoor
511	Incomplete	Logic/Time Bomb
512	Incomplete	Spyware
514	Incomplete	Covert Channel
515	Incomplete	Covert Storage Channel
516	Deprecated	DEPRECATED (Duplicate): Covert Timing Channel
520	Incomplete	.NET Misconfiguration: Use of Impersonation
521	Draft	Weak Password Requirements
522	Incomplete	Insufficiently Protected Credentials
523	Incomplete	Unprotected Transport of Credentials
524	Incomplete	Information Leak Through Caching
525	Incomplete	Information Leak Through Browser Caching
526	Incomplete	Information Leak Through Environmental Variables
527	Incomplete	Exposure of CVS Repository to an Unauthorized Control Sphere
528	Draft	Exposure of Core Dump File to an Unauthorized Control Sphere
529	Incomplete	Exposure of Access Control List Files to an Unauthorized Control Sphere
530	Incomplete	Exposure of Backup File to an Unauthorized Control Sphere
531	Incomplete	Information Leak Through Test Code
532	Incomplete	Information Leak Through Log Files
533	Incomplete	Information Leak Through Server Log Files
534	Draft	Information Leak Through Debug Log Files
535	Incomplete	Information Leak Through Shell Error Message
536	Incomplete	Information Leak Through Servlet Runtime Error Message
537	Incomplete	Information Leak Through Java Runtime Error Message
538	Draft	File and Directory Information Exposure
539	Incomplete	Information Leak Through Persistent Cookies
540	Incomplete	Information Leak Through Source Code
541	Incomplete	Information Leak Through Include Source Code
542	Incomplete	Information Leak Through Cleanup Log Files
543	Incomplete	Use of Singleton Pattern in a Non-thread-safe Manner
544	Draft	Failure to Use a Standardized Error Handling Mechanism
545	Incomplete	Use of Dynamic Class Loading
546	Draft	Suspicious Comment
547	Draft	Use of Hard-coded, Security-relevant Constants
548	Draft	Information Leak Through Directory Listing
549	Draft	Missing Password Field Masking
550	Incomplete	Information Leak Through Server Error Message
551	Incomplete	Incorrect Behavior Order: Authorization Before Parsing and Canonicalization
552	Draft	Files or Directories Accessible to External Parties
553	Incomplete	Command Shell in Externally Accessible Directory
554	Draft	ASP.NET Misconfiguration: Not Using Input Validation Framework
555	Draft	J2EE Misconfiguration: Plaintext Password in Configuration File
556	Incomplete	ASP.NET Misconfiguration: Use of Identity Impersonation
558	Draft	Use of getlogin() in Multithreaded Application
560	Draft	Use of umask() with chmod-style Argument
561	Draft	Dead Code
562	Draft	Return of Stack Variable Address
563	Draft	Unused Variable
564	Incomplete	SQL Injection: Hibernate
565	Incomplete	Reliance on Cookies without Validation and Integrity Checking
566	Incomplete	Access Control Bypass Through User-Controlled SQL Primary Key
567	Draft	Unsynchronized Access to Shared Data
568	Draft	finalize() Method Without super.finalize()
570	Draft	Expression is Always False
571	Draft	Expression is Always True
572	Draft	Call to Thread run() instead of start()
573	Draft	Failure to Follow Specification
574	Draft	EJB Bad Practices: Use of Synchronization Primitives
575	Draft	EJB Bad Practices: Use of AWT Swing
576	Draft	EJB Bad Practices: Use of Java I/O
577	Draft	EJB Bad Practices: Use of Sockets
578	Draft	EJB Bad Practices: Use of Class Loader
579	Draft	J2EE Bad Practices: Non-serializable Object Stored in Session
580	Draft	clone() Method Without super.clone()
581	Draft	Object Model Violation: Just One of Equals and Hashcode Defined
582	Draft	Array Declared Public, Final, and Static
583	Incomplete	finalize() Method Declared Public
584	Draft	Return Inside Finally Block
585	Draft	Empty Synchronized Block
586	Draft	Explicit Call to Finalize()
587	Draft	Assignment of a Fixed Address to a Pointer
588	Incomplete	Attempt to Access Child of a Non-structure Pointer
589	Incomplete	Call to Non-ubiquitous API
590	Incomplete	Free of Memory not on the Heap
591	Draft	Sensitive Data Storage in Improperly Locked Memory
592	Incomplete	Authentication Bypass Issues
593	Draft	Authentication Bypass: OpenSSL CTX Object Modified after SSL Objects are Created
594	Incomplete	J2EE Framework: Saving Unserializable Objects to Disk
595	Incomplete	Comparison of Object References Instead of Object Contents
596	Incomplete	Incorrect Semantic Object Comparison
597	Draft	Use of Wrong Operator in String Comparison
598	Draft	Information Leak Through Query Strings in GET Request
599	Incomplete	Trust of OpenSSL Certificate Without Validation
600	Draft	Failure to Catch All Exceptions in Servlet 
601	Draft	URL Redirection to Untrusted Site ('Open Redirect')
602	Draft	Client-Side Enforcement of Server-Side Security
603	Draft	Use of Client-Side Authentication
605	Draft	Multiple Binds to the Same Port
606	Draft	Unchecked Input for Loop Condition
607	Draft	Public Static Final Field References Mutable Object
608	Draft	Struts: Non-private Field in ActionForm Class
609	Draft	Double-Checked Locking
610	Draft	Externally Controlled Reference to a Resource in Another Sphere
611	Draft	Information Leak Through XML External Entity File Disclosure
612	Draft	Information Leak Through Indexing of Private Data
613	Incomplete	Insufficient Session Expiration
614	Draft	Sensitive Cookie in HTTPS Session Without 'Secure' Attribute
615	Incomplete	Information Leak Through Comments
616	Incomplete	Incomplete Identification of Uploaded File Variables (PHP)
617	Draft	Reachable Assertion
618	Incomplete	Exposed Unsafe ActiveX Method
619	Incomplete	Dangling Database Cursor ('Cursor Injection')
620	Draft	Unverified Password Change
621	Incomplete	Variable Extraction Error
622	Draft	Unvalidated Function Hook Arguments
623	Draft	Unsafe ActiveX Control Marked Safe For Scripting
624	Incomplete	Executable Regular Expression Error
625	Draft	Permissive Regular Expression
626	Draft	Null Byte Interaction Error (Poison Null Byte)
627	Incomplete	Dynamic Variable Evaluation
628	Draft	Function Call with Incorrectly Specified Arguments
636	Draft	Not Failing Securely ('Failing Open')
637	Draft	Failure to Use Economy of Mechanism
638	Draft	Failure to Use Complete Mediation
639	Incomplete	Access Control Bypass Through User-Controlled Key
640	Incomplete	Weak Password Recovery Mechanism for Forgotten Password
641	Incomplete	Insufficient Filtering of File and Other Resource Names for Executable Content
642	Draft	External Control of Critical State Data
643	Incomplete	Failure to Sanitize Data within XPath Expressions ('XPath injection')
644	Incomplete	Improper Sanitization of HTTP Headers for Scripting Syntax
645	Incomplete	Overly Restrictive Account Lockout Mechanism
646	Incomplete	Reliance on File Name or Extension of Externally-Supplied File
647	Incomplete	Use of Non-Canonical URL Paths for Authorization Decisions
648	Incomplete	Incorrect Use of Privileged APIs
649	Incomplete	Reliance on Obfuscation or Encryption of Security-Relevant Inputs without Integrity Checking
650	Incomplete	Trusting HTTP Permission Methods on the Server Side
651	Incomplete	Information Leak through WSDL File
652	Incomplete	Failure to Sanitize Data within XQuery Expressions ('XQuery Injection')
653	Draft	Insufficient Compartmentalization
654	Draft	Reliance on a Single Factor in a Security Decision
655	Draft	Insufficient Psychological Acceptability
656	Draft	Reliance on Security through Obscurity
657	Draft	Violation of Secure Design Principles
662	Draft	Insufficient Synchronization
663	Draft	Use of a Non-reentrant Function in an Unsynchronized Context
664	Draft	Improper Control of a Resource Through its Lifetime
665	Draft	Improper Initialization
666	Draft	Operation on Resource in Wrong Phase of Lifetime
667	Draft	Insufficient Locking
668	Draft	Exposure of Resource to Wrong Sphere
669	Draft	Incorrect Resource Transfer Between Spheres
670	Draft	Always-Incorrect Control Flow Implementation
671	Draft	Lack of Administrator Control over Security
672	Draft	Operation on a Resource after Expiration or Release
673	Draft	External Influence of Sphere Definition
674	Draft	Uncontrolled Recursion
675	Draft	Duplicate Operations on Resource
676	Draft	Use of Potentially Dangerous Function
681	Draft	Incorrect Conversion between Numeric Types
682	Draft	Incorrect Calculation
683	Draft	Function Call With Incorrect Order of Arguments
684	Draft	Failure to Provide Specified Functionality
685	Draft	Function Call With Incorrect Number of Arguments
686	Draft	Function Call With Incorrect Argument Type
687	Draft	Function Call With Incorrectly Specified Argument Value
688	Draft	Function Call With Incorrect Variable or Reference as Argument
691	Draft	Insufficient Control Flow Management
693	Draft	Protection Mechanism Failure
694	Incomplete	Use of Multiple Resources with Duplicate Identifier
695	Incomplete	Use of Low-Level Functionality
696	Incomplete	Incorrect Behavior Order
697	Incomplete	Insufficient Comparison
698	Incomplete	Redirect Without Exit
703	Incomplete	Failure to Handle Exceptional Conditions
704	Incomplete	Incorrect Type Conversion or Cast
705	Incomplete	Incorrect Control Flow Scoping
706	Incomplete	Use of Incorrectly-Resolved Name or Reference
707	Incomplete	Improper Enforcement of Message or Data Structure
708	Incomplete	Incorrect Ownership Assignment
710	Incomplete	Coding Standards Violation
732	Draft	Incorrect Permission Assignment for Critical Resource
733	Incomplete	Compiler Optimization Removal or Modification of Security-critical Code
749	Incomplete	Exposed Dangerous Method or Function
754	Incomplete	Improper Check for Unusual or Exceptional Conditions
755	Incomplete	Improper Handling of Exceptional Conditions
756	Incomplete	Missing Custom Error Page
757	Incomplete	Selection of Less-Secure Algorithm During Negotiation ('Algorithm Downgrade')
758	Incomplete	Reliance on Undefined, Unspecified, or Implementation-Defined Behavior
759	Incomplete	Use of a One-Way Hash without a Salt
760	Incomplete	Use of a One-Way Hash with a Predictable Salt
761	Incomplete	Free of Pointer not at Start of Buffer
762	Incomplete	Mismatched Memory Management Routines
763	Incomplete	Release of Invalid Pointer or Reference
764	Incomplete	Multiple Locks of a Critical Resource
765	Incomplete	Multiple Unlocks of a Critical Resource
766	Incomplete	Critical Variable Declared Public
767	Incomplete	Access to Critical Private Variable via Public Method
768	Incomplete	Incorrect Short Circuit Evaluation
770	Incomplete	Allocation of Resources Without Limits or Throttling
771	Incomplete	Missing Reference to Active Allocated Resource
772	Incomplete	Missing Release of Resource after Effective Lifetime
773	Incomplete	Missing Reference to Active File Descriptor or Handle
774	Incomplete	Allocation of File Descriptors or Handles Without Limits or Throttling
775	Incomplete	Missing Release of File Descriptor or Handle after Effective Lifetime
776	Draft	Unrestricted Recursive Entity References in DTDs ('XML Bomb')
777	Incomplete	Regular Expression without Anchors
778	Draft	Insufficient Logging
779	Draft	Logging of Excessive Data
780	Incomplete	Use of RSA Algorithm without OAEP
781	Draft	Improper Address Validation in IOCTL with METHOD_NEITHER I/O Control Code
782	Draft	Exposed IOCTL with Insufficient Access Control
783	Draft	Operator Precedence Logic Error
784	Draft	Reliance on Cookies without Validation and Integrity Checking in a Security Decision
785	Incomplete	Use of Path Manipulation Function without Maximum-sized Buffer
786	Incomplete	Access of Memory Location Before Start of Buffer
787	Incomplete	Out-of-bounds Write
788	Incomplete	Access of Memory Location After End of Buffer
789	Draft	Uncontrolled Memory Allocation
790	Incomplete	Improper Filtering of Special Elements
791	Incomplete	Incomplete Filtering of Special Elements
792	Incomplete	Incomplete Filtering of One or More Instances of Special Elements
793	Incomplete	Only Filtering One Instance of a Special Element
794	Incomplete	Incomplete Filtering of Multiple Instances of Special Elements
795	Incomplete	Only Filtering Special Elements at a Specified Location
796	Incomplete	Only Filtering Special Elements Relative to a Marker
797	Incomplete	Only Filtering Special Elements at an Absolute Position
798	Incomplete	Use of Hard-coded Credentials
799	Incomplete	Improper Control of Interaction Frequency
804	Incomplete	Guessable CAPTCHA
805	Incomplete	Buffer Access with Incorrect Length Value
806	Incomplete	Buffer Access Using Size of Source Buffer
807	Incomplete	Reliance on Untrusted Inputs in a Security Decision
